time,Yaw,pitch,roll
0.012,91.573,-10.441,1.59
0.055,91.086,-10.996,1.683
0.18,92.316,-10.996,1.683
0.2,92.316,-10.996,1.683
0.267,91.827,-11.374,0.825
0.381,91.997,-11.374,0.825
0.401,91.997,-11.374,0.825
0.479,92.749,-10.74,1.798
0.58,92.656,-10.74,1.798
0.6,92.656,-10.74,1.798
0.692,91.818,-11.692,2.161
0.782,92.058,-11.692,2.161
0.8,92.058,-11.692,2.161
0.903,92.131,-11.605,2.109
0.981,92.499,-11.605,2.109
1,92.499,-11.605,2.109
1.114,91.621,-12.759,3.135
1.18,92.04,-12.759,3.135
1.2,92.04,-12.759,3.135
1.326,91.717,-13.725,5.71
1.381,91.784,-13.725,5.71
1.4,91.784,-13.725,5.71
1.537,92.095,-13.578,6.612
1.583,91.949,-13.578,6.612
1.6,91.949,-13.578,6.612
1.749,91.07,-14.095,4.62
1.781,90.917,-14.095,4.62
1.802,90.917,-14.095,4.62
1.961,90.157,-14.261,2.069
1.981,90.018,-14.261,2.069
2.002,90.018,-14.261,2.069
2.172,91.303,-13.041,2.403
2.18,90.886,-13.041,2.403
2.2,90.886,-13.041,2.403
2.381,90.049,-13.041,2.403
2.383,92.311,-10.568,0.437
2.401,92.311,-10.568,0.437
2.58,91.827,-10.568,0.437
2.596,98.169,-4.963,-3.101
2.601,98.169,-4.963,-3.101
2.781,97.796,-4.963,-3.101
2.801,97.796,-4.963,-3.101
2.807,105.084,-0.615,-10.328
2.98,107.297,-0.615,-10.328
3.001,107.297,-0.615,-10.328
3.019,115.674,5.453,-11.257
3.181,119.839,5.453,-11.257
3.201,119.839,5.453,-11.257
3.23,120.575,2.095,-17.495
3.381,127.553,2.095,-17.495
3.4,127.553,2.095,-17.495
3.443,126.554,0.011,-19.093
3.58,135.239,0.011,-19.093
3.6,135.239,0.011,-19.093
3.655,125.831,-7.521,-17.961
3.78,136.213,-7.521,-17.961
3.801,136.213,-7.521,-17.961
3.865,131.59,-12.265,-18.526
3.98,141.839,-12.265,-18.526
4,141.839,-12.265,-18.526
4.077,144.784,-12.499,-21.958
4.18,153.422,-12.499,-21.958
4.2,153.422,-12.499,-21.958
4.288,153.46,-10.844,-20.963
4.38,160.325,-10.844,-20.963
4.4,160.325,-10.844,-20.963
4.501,160.124,-11.083,-20.814
4.58,165.645,-11.083,-20.814
4.6,165.645,-11.083,-20.814
4.712,164.161,-11.909,-19.006
4.78,168.312,-11.909,-19.006
4.8,168.312,-11.909,-19.006
4.924,169.378,-11.94,-20.568
4.98,171.822,-11.94,-20.568
5,171.822,-11.94,-20.568
5.137,171.336,-10.806,-19.633
5.181,172.224,-10.806,-19.633
5.201,172.224,-10.806,-19.633
5.348,172.224,-11.662,-19.787
5.381,172.59,-11.662,-19.787
5.407,172.59,-11.662,-19.787
5.56,169.298,-11.095,-14.819
5.58,169.746,-11.095,-14.819
5.601,169.746,-11.095,-14.819
5.771,168.196,-10.076,-12.219
5.78,169.125,-10.076,-12.219
5.801,169.125,-10.076,-12.219
5.982,170.284,-10.076,-12.219
5.983,168.909,-9.995,-10.139
6,168.909,-9.995,-10.139
6.181,169.779,-9.995,-10.139
6.195,170.323,-10.294,-11.005
6.2,170.323,-10.294,-11.005
6.381,171.466,-10.294,-11.005
6.406,171.466,-10.294,-11.005
6.407,169.928,-9.984,-8.725
6.581,171.327,-9.984,-8.725
6.6,171.327,-9.984,-8.725
6.618,170.896,-9.444,-8.002
6.781,172.174,-9.444,-8.002
6.802,172.174,-9.444,-8.002
6.831,172.731,-10.164,-8.897
6.982,173.765,-10.164,-8.897
7,173.765,-10.164,-8.897
7.042,174.771,-9.925,-10.225
7.181,175.414,-9.925,-10.225
7.2,175.414,-9.925,-10.225
7.255,175.896,-11.564,-11.024
7.381,176.024,-11.564,-11.024
7.406,176.024,-11.564,-11.024
7.466,175.543,-13.863,-10.621
7.581,175.5,-13.863,-10.621
7.6,175.5,-13.863,-10.621
7.678,175.067,-17.577,-10.499
7.781,174.948,-17.577,-10.499
7.8,174.948,-17.577,-10.499
7.889,174.626,-17.682,-10.101
7.981,174.44,-17.682,-10.101
8,174.44,-17.682,-10.101
8.102,171.602,-22.528,-7.347
8.181,171.379,-22.528,-7.347
8.2,171.379,-22.528,-7.347
8.312,174.489,-22.117,-11.392
8.38,174.015,-22.117,-11.392
8.407,174.015,-22.117,-11.392
8.524,171.914,-12.57,-6.37
8.581,171.882,-12.57,-6.37
8.6,171.882,-12.57,-6.37
8.736,173.477,-8.574,-8.446
8.781,173.575,-8.574,-8.446
8.8,173.575,-8.574,-8.446
8.948,172.339,-8.349,-6.257
8.98,172.47,-8.349,-6.257
9,172.47,-8.349,-6.257
9.159,172.775,-9.82,-7.015
9.18,172.942,-9.82,-7.015
9.2,172.942,-9.82,-7.015
9.371,174.465,-10.8,-9.61
9.381,174.55,-10.8,-9.61
9.407,174.55,-10.8,-9.61
9.581,174.366,-10.8,-9.61
9.582,174.974,-6.149,-9.98
9.602,174.974,-6.149,-9.98
9.781,174.675,-6.149,-9.98
9.794,174.195,-6.198,-9.31
9.8,174.195,-6.198,-9.31
9.981,174.095,-6.198,-9.31
10,174.095,-6.198,-9.31
10.005,174.529,-9.32,-10.252
10.181,174.477,-9.32,-10.252
10.2,174.477,-9.32,-10.252
10.217,171.952,-15.863,-8.105
10.382,171.937,-15.863,-8.105
10.408,171.937,-15.863,-8.105
10.431,172.644,-15.503,-8.923
10.582,172.188,-15.503,-8.923
10.6,172.188,-15.503,-8.923
10.643,174.94,-10.712,-11.83
10.781,174.465,-10.712,-11.83
10.8,174.465,-10.712,-11.83
10.853,174.073,-6.256,-10.751
10.981,173.844,-6.256,-10.751
11,173.844,-6.256,-10.751
11.064,173.748,-7.401,-10.764
11.182,173.679,-7.401,-10.764
11.2,173.679,-7.401,-10.764
11.276,172.84,-10.582,-10.082
11.381,173.021,-10.582,-10.082
11.408,173.021,-10.582,-10.082
11.488,173.77,-11.922,-11.318
11.581,173.66,-11.922,-11.318
11.6,173.66,-11.922,-11.318
11.699,175.646,-9.643,-13.795
11.781,175.044,-9.643,-13.795
11.802,175.044,-9.643,-13.795
11.912,176.275,-8.929,-15.389
11.981,175.554,-8.929,-15.389
12,175.554,-8.929,-15.389
12.124,174.579,-10.662,-14.311
12.181,174.168,-10.662,-14.311
12.2,174.168,-10.662,-14.311
12.335,174.06,-11.974,-14.347
12.38,173.579,-11.974,-14.347
12.407,173.579,-11.974,-14.347
12.547,173.245,-10.244,-13.644
12.58,172.629,-10.244,-13.644
12.6,172.629,-10.244,-13.644
12.758,173.212,-7.881,-14.099
12.781,172.753,-7.881,-14.099
12.8,172.753,-7.881,-14.099
12.971,171.849,-8.799,-12.977
12.98,171.593,-8.799,-12.977
13.001,171.593,-8.799,-12.977
13.182,170.063,-12.914,-11.764
13.183,169.937,-12.914,-11.764
13.2,169.937,-12.914,-11.764
13.382,170.271,-12.914,-11.764
13.394,170.886,-17.653,-13.688
13.407,170.886,-17.653,-13.688
13.582,171.208,-17.653,-13.688
13.6,171.208,-17.653,-13.688
13.604,170.085,-19.023,-12.528
13.78,170.196,-19.023,-12.528
13.8,170.196,-19.023,-12.528
13.817,171.06,-19.837,-13.914
13.98,171.253,-19.837,-13.914
13.999,171.253,-19.837,-13.914
14.027,171.996,-20.08,-15.006
14.18,172.408,-20.08,-15.006
14.199,172.408,-20.08,-15.006
14.239,167.263,-26.857,-9.541
14.38,168.119,-26.857,-9.541
14.405,168.119,-26.857,-9.541
14.451,168.245,-32.216,-11.994
14.58,168.299,-32.216,-11.994
14.6,168.299,-32.216,-11.994
14.662,172.829,-17.686,-15.34
14.779,172.597,-17.686,-15.34
14.799,172.597,-17.686,-15.34
14.874,172.78,-8.219,-13.892
14.979,172.672,-8.219,-13.892
15,172.672,-8.219,-13.892
15.086,172.142,-5.998,-12.392
15.18,172.328,-5.998,-12.392
15.199,172.328,-5.998,-12.392
15.298,171.886,-7.055,-11.693
15.38,172.242,-7.055,-11.693
15.405,172.242,-7.055,-11.693
15.51,169.623,-13.734,-8.309
15.58,169.922,-13.734,-8.309
15.599,169.922,-13.734,-8.309
15.721,170.52,-12.292,-8.986
15.779,170.443,-12.292,-8.986
15.8,170.443,-12.292,-8.986
15.933,171.802,-11.743,-11.045
15.98,171.905,-11.743,-11.045
16.001,171.905,-11.743,-11.045
16.145,170.73,-10.679,-9.107
16.18,170.979,-10.679,-9.107
16.2,170.979,-10.679,-9.107
16.356,170.56,-12.141,-8.837
16.38,170.959,-12.141,-8.837
16.405,170.959,-12.141,-8.837
16.568,170.326,-16.321,-8.95
16.58,170.818,-16.321,-8.95
16.6,170.818,-16.321,-8.95
16.781,171.114,-19.145,-9.985
16.781,171.178,-19.145,-9.985
16.799,171.178,-19.145,-9.985
16.98,170.952,-19.145,-9.985
16.992,172.347,-18.117,-11.688
16.999,172.347,-18.117,-11.688
17.186,172.089,-18.117,-11.688
17.201,172.089,-18.117,-11.688
17.204,174.337,-11.086,-13.782
17.381,174.142,-11.086,-13.782
17.407,174.142,-11.086,-13.782
17.418,174.42,-7.424,-13.747
17.581,174.371,-7.424,-13.747
17.6,174.371,-7.424,-13.747
17.627,172.35,-3.25,-9.967
17.78,172.435,-3.25,-9.967
17.8,172.435,-3.25,-9.967
17.838,171.807,-4.217,-9.118
17.981,171.787,-4.217,-9.118
17.999,171.787,-4.217,-9.118
18.05,171.031,-6.884,-8.44
18.18,170.996,-6.884,-8.44
18.2,170.996,-6.884,-8.44
18.262,172.102,-11.467,-10.814
18.38,171.952,-11.467,-10.814
18.406,171.952,-11.467,-10.814
18.474,171.135,-14.246,-10.319
18.581,170.733,-14.246,-10.319
18.602,170.733,-14.246,-10.319
18.686,173.061,-13.828,-13.056
18.78,172.636,-13.828,-13.056
18.802,172.636,-13.828,-13.056
18.906,172.268,-11.167,-12.143
18.981,171.894,-11.167,-12.143
19,171.894,-11.167,-12.143
19.111,171.276,-6.351,-10.454
19.182,170.872,-6.351,-10.454
19.202,170.872,-6.351,-10.454
19.323,170.473,-5.647,-9.757
19.381,170.128,-5.647,-9.757
19.407,170.128,-5.647,-9.757
19.536,169.293,-8.408,-9.16
19.582,169.279,-8.408,-9.16
19.603,169.279,-8.408,-9.16
19.746,166.262,-11.343,-5.658
19.781,166.686,-11.343,-5.658
19.801,166.686,-11.343,-5.658
19.958,166.197,-15.94,-6.49
19.982,166.948,-15.94,-6.49
20.002,166.948,-15.94,-6.49
20.169,164.063,-18.677,-3.651
20.181,165.404,-18.677,-3.651
20.202,165.404,-18.677,-3.651
20.38,165.547,-22.277,-5.289
20.381,166.88,-22.277,-5.289
20.407,166.88,-22.277,-5.289
20.583,168.164,-22.277,-5.289
20.593,170.394,-21.515,-8.073
20.602,170.394,-21.515,-8.073
20.781,171.166,-21.515,-8.073
20.802,171.166,-21.515,-8.073
20.803,172.016,-16,-8.07
20.981,172.577,-16,-8.07
21.001,172.577,-16,-8.07
21.014,172.283,-12.997,-6.997
21.18,172.861,-12.997,-6.997
21.2,172.861,-12.997,-6.997
21.226,170.502,-14.668,-3.192
21.381,170.801,-14.668,-3.192
21.406,170.801,-14.668,-3.192
21.438,171.047,-16.922,-4.182
21.581,171.067,-16.922,-4.182
21.6,171.067,-16.922,-4.182
21.651,173.016,-14.156,-6.958
21.782,172.911,-14.156,-6.958
21.801,172.911,-14.156,-6.958
21.862,171.809,-11.812,-4.633
21.981,171.915,-11.812,-4.633
22.001,171.915,-11.812,-4.633
22.074,170.848,-13.801,-3.293
22.181,171.29,-13.801,-3.293
22.201,171.29,-13.801,-3.293
22.286,168.803,-17.903,-0.446
22.38,169.669,-17.903,-0.446
22.406,169.669,-17.903,-0.446
22.498,172.792,-20.073,-5.607
22.581,173.111,-20.073,-5.607
22.6,173.111,-20.073,-5.607
22.71,172.849,-16.632,-4.556
22.781,173.042,-16.632,-4.556
22.801,173.042,-16.632,-4.556
22.923,170.161,-18.867,-0.542
22.98,170.574,-18.867,-0.542
23,170.574,-18.867,-0.542
23.133,172.458,-16.845,-3.054
23.18,172.868,-16.845,-3.054
23.202,172.868,-16.845,-3.054
23.343,174.022,-16.572,-4.841
23.38,174.263,-16.572,-4.841
23.406,174.263,-16.572,-4.841
23.555,174.231,-14.743,-4.513
23.58,174.377,-14.743,-4.513
23.6,174.377,-14.743,-4.513
23.766,172.949,-13.732,-1.909
23.78,173.261,-13.732,-1.909
23.8,173.261,-13.732,-1.909
23.979,173.458,-11.722,-1.919
23.98,173.741,-11.722,-1.919
23.999,173.741,-11.722,-1.919
24.181,174.455,-11.722,-1.919
24.192,174.659,-12.367,-2.333
24.199,174.659,-12.367,-2.333
24.381,175.402,-12.367,-2.333
24.406,175.402,-12.367,-2.333
24.407,173.428,-13.738,0.572
24.582,173.895,-13.738,0.572
24.601,173.895,-13.738,0.572
24.615,172.309,-17.257,2.354
24.78,172.961,-17.257,2.354
24.801,172.961,-17.257,2.354
24.825,173.411,-19.196,1.341
24.981,173.952,-19.196,1.341
25.003,173.952,-19.196,1.341
25.037,175.683,-23.167,-1.684
25.18,175.793,-23.167,-1.684
25.2,175.793,-23.167,-1.684
25.249,177.181,-18.631,-3.231
25.381,176.861,-18.631,-3.231
25.406,176.861,-18.631,-3.231
25.461,175.068,-22.863,-1.01
25.581,174.655,-22.863,-1.01
25.6,174.655,-22.863,-1.01
25.675,174.177,-22.859,-0.259
25.78,173.7,-22.859,-0.259
25.8,173.7,-22.859,-0.259
25.884,175.031,-21.391,-2.257
25.98,174.35,-21.391,-2.257
26,174.35,-21.391,-2.257
26.097,174.85,-15.942,-2.314
26.181,174.226,-15.942,-2.314
26.2,174.226,-15.942,-2.314
26.31,174.724,-15.779,-3.242
26.381,174.137,-15.779,-3.242
26.407,174.137,-15.779,-3.242
26.521,173.382,-16.888,-2.023
26.581,173.1,-16.888,-2.023
26.6,173.1,-16.888,-2.023
26.732,173.644,-19.119,-3.42
26.781,174.038,-19.119,-3.42
26.8,174.038,-19.119,-3.42
26.943,175.272,-12.14,-4.641
26.98,176.08,-12.14,-4.641
27,176.08,-12.14,-4.641
27.155,175.962,-11.936,-4.408
27.18,176.881,-11.936,-4.408
27.2,176.881,-11.936,-4.408
27.366,176.281,-17.759,-3.93
27.38,177.034,-17.759,-3.93
27.408,177.034,-17.759,-3.93
27.578,174.535,-21.52,-0.618
27.579,175.341,-21.52,-0.618
27.6,175.341,-21.52,-0.618
27.78,175.781,-21.52,-0.618
27.789,179.056,-19.924,-5.499
27.802,179.056,-19.924,-5.499
27.981,179.115,-19.924,-5.499
28,179.115,-19.924,-5.499
28,-179.626,-22.399,-7.496
28.181,-179.627,-22.399,-7.496
28.2,-179.627,-22.399,-7.496
28.213,178.614,-22.743,-4.699
28.38,177.976,-22.743,-4.699
28.405,177.976,-22.743,-4.699
28.424,-179.025,-30.43,-9.525
28.582,179.449,-30.43,-9.525
28.6,179.449,-30.43,-9.525
28.637,178.703,-20.937,-7.95
28.781,177.172,-20.937,-7.95
28.8,177.172,-20.937,-7.95
28.848,178.373,-14.684,-9.951
28.98,177.456,-14.684,-9.951
29,177.456,-14.684,-9.951
29.061,176.926,-9.717,-8.486
29.18,176.081,-9.717,-8.486
29.199,176.081,-9.717,-8.486
29.271,175.915,-7.027,-7.903
29.381,175.335,-7.027,-7.903
29.408,175.335,-7.027,-7.903
29.486,175.328,-6.483,-7.835
29.582,174.967,-6.483,-7.835
29.601,174.967,-6.483,-7.835
29.697,174.907,-9.514,-8.068
29.782,174.667,-9.514,-8.068
29.801,174.667,-9.514,-8.068
29.907,173.598,-7.033,-6.04
29.982,173.555,-7.033,-6.04
30,173.555,-7.033,-6.04
30.121,174.183,-3.662,-6.566
30.18,174.368,-3.662,-6.566
30.2,174.368,-3.662,-6.566
30.33,173.564,-2.383,-5.292
30.38,174.374,-2.383,-5.292
30.407,174.374,-2.383,-5.292
30.543,172.538,-2.667,-2.886
30.58,173.273,-2.667,-2.886
30.601,173.273,-2.667,-2.886
30.755,175.878,-3.602,-6.252
30.78,176.611,-3.602,-6.252
30.801,176.611,-3.602,-6.252
30.967,174.79,-3.431,-4.03
30.98,175.584,-3.431,-4.03
31.001,175.584,-3.431,-4.03
31.178,175.695,-5.636,-4.346
31.18,176.536,-5.636,-4.346
31.2,176.536,-5.636,-4.346
31.382,176.851,-5.636,-4.346
31.389,179.469,-10.058,-7.408
31.407,179.469,-10.058,-7.408
31.582,179.653,-10.058,-7.408
31.6,179.653,-10.058,-7.408
31.601,177.723,-13.248,-5.435
31.781,177.751,-13.248,-5.435
31.8,177.751,-13.248,-5.435
31.812,176.272,-16.176,-4.028
31.981,175.524,-16.176,-4.028
32,175.524,-16.176,-4.028
32.025,-176.293,-24.913,-12.855
32.181,-179.105,-24.913,-12.855
32.2,-179.105,-24.913,-12.855
32.236,-171.705,-27.923,-20.546
32.381,-175.491,-27.923,-20.546
32.407,-175.491,-27.923,-20.546
32.448,-173.365,-24.289,-23.938
32.581,-176.795,-24.289,-23.938
32.6,-176.795,-24.289,-23.938
32.662,-175.105,-25.454,-26.364
32.783,-178.618,-25.454,-26.364
32.8,-178.618,-25.454,-26.364
32.872,175.098,-25.706,-15.708
32.982,173.439,-25.706,-15.708
33,173.439,-25.706,-15.708
33.083,172.943,-16.73,-12.679
33.183,171.846,-16.73,-12.679
33.2,171.846,-16.73,-12.679
33.295,171.843,-11.299,-11.415
33.381,171.074,-11.299,-11.415
33.406,171.074,-11.299,-11.415
33.506,170.835,-9.589,-10.453
33.583,170.659,-9.589,-10.453
33.601,170.659,-9.589,-10.453
33.719,169.944,-14.544,-10.154
33.781,170.386,-14.544,-10.154
33.8,170.386,-14.544,-10.154
33.93,167.937,-20.724,-7.385
33.983,168.542,-20.724,-7.385
34.001,168.542,-20.724,-7.385
34.142,172.715,-20.527,-14.55
34.18,173.411,-20.527,-14.55
34.2,173.411,-20.527,-14.55
34.354,173.016,-21.752,-14.163
34.382,173.718,-21.752,-14.163
34.408,173.718,-21.752,-14.163
34.566,169.918,-31.586,-11.325
34.582,170.352,-31.586,-11.325
34.601,170.352,-31.586,-11.325
34.777,170.906,-31.824,-12.164
34.782,170.423,-31.824,-12.164
34.8,170.423,-31.824,-12.164
34.982,168.863,-31.824,-12.164
34.989,174.966,-6.214,-17.532
35,174.966,-6.214,-17.532
35.183,173.41,-6.214,-17.532
35.2,171.746,-0.82,-13.097
35.2,171.746,-0.82,-13.097
35.382,169.411,-0.82,-13.097
35.4,169.411,-0.82,-13.097
35.412,169.515,-8.346,-14.933
35.583,167.094,-8.346,-14.933
35.6,167.094,-8.346,-14.933
35.623,165.721,-7.347,-12.068
35.781,163.959,-7.347,-12.068
35.8,163.959,-7.347,-12.068
35.836,161.742,-8.802,-8.397
35.981,159.652,-8.802,-8.397
36,159.652,-8.802,-8.397
36.048,163.24,-7.045,-14.004
36.18,161.026,-7.045,-14.004
36.2,161.026,-7.045,-14.004
36.259,160.872,-5.353,-13.085
36.382,159.276,-5.353,-13.085
36.403,159.276,-5.353,-13.085
36.471,158.048,-2.536,-10.065
36.581,157.303,-2.536,-10.065
36.6,157.303,-2.536,-10.065
36.683,152.373,-14.91,-10.142
36.781,152.588,-14.91,-10.142
36.8,152.588,-14.91,-10.142
36.894,153.634,-13.315,-10.529
36.981,155,-13.315,-10.529
37,155,-13.315,-10.529
37.106,157.82,-9.418,-12.492
37.183,158.519,-9.418,-12.492
37.2,158.519,-9.418,-12.492
37.317,156.475,-12.441,-11.109
37.381,156.323,-12.441,-11.109
37.403,156.323,-12.441,-11.109
37.53,155.795,-10.203,-9.013
37.581,156.244,-10.203,-9.013
37.602,156.244,-10.203,-9.013
37.742,156.317,-9.319,-8.628
37.781,157.587,-9.319,-8.628
37.801,157.587,-9.319,-8.628
37.953,157.674,-12.592,-10.536
37.98,158.621,-12.592,-10.536
38.002,158.621,-12.592,-10.536
38.165,157.083,-11.631,-7.59
38.18,157.8,-11.631,-7.59
38.202,157.8,-11.631,-7.59
38.377,157.995,-15.541,-10.121
38.381,158.878,-15.541,-10.121
38.402,158.878,-15.541,-10.121
38.58,159.758,-15.541,-10.121
38.588,160.135,-9.698,-7.785
38.601,160.135,-9.698,-7.785
38.781,161.145,-9.698,-7.785
38.8,160.521,-13.108,-8.403
38.8,160.521,-13.108,-8.403
38.982,161.499,-13.108,-8.403
39.002,161.499,-13.108,-8.403
39.014,162.237,-13.369,-9.609
39.181,162.889,-13.369,-9.609
39.2,162.889,-13.369,-9.609
39.224,164.2,-9.148,-9.915
39.381,164.485,-9.148,-9.915
39.402,164.485,-9.148,-9.915
39.435,164.679,-8.112,-9.851
39.581,164.91,-8.112,-9.851
39.601,164.91,-8.112,-9.851
39.647,165.402,-8.855,-10.81
39.781,165.828,-8.855,-10.81
39.801,165.828,-8.855,-10.81
39.858,164.195,-9.492,-8.67
39.982,164.748,-9.492,-8.67
40.001,164.748,-9.492,-8.67
40.07,161.324,-16.944,-6.885
40.181,162.012,-16.944,-6.885
40.201,162.012,-16.944,-6.885
40.282,164.443,-15.177,-9.502
40.381,164.424,-15.177,-9.502
40.401,164.424,-15.177,-9.502
40.493,167.124,-9.664,-11.434
40.581,167.072,-9.664,-11.434
40.601,167.072,-9.664,-11.434
40.705,166.823,-3.811,-9.469
40.781,166.728,-3.811,-9.469
40.801,166.728,-3.811,-9.469
40.919,167.866,-3.994,-11.17
40.981,167.938,-3.994,-11.17
41,167.938,-3.994,-11.17
41.129,166.065,-9.865,-10.17
41.181,166.571,-9.865,-10.17
41.2,166.571,-9.865,-10.17
41.343,162.923,-11.003,-5.454
41.381,163.269,-11.003,-5.454
41.401,163.269,-11.003,-5.454
41.553,167.172,-6.541,-9.675
41.58,167.018,-6.541,-9.675
41.6,167.018,-6.541,-9.675
41.765,166.732,-2.97,-8.33
41.781,166.322,-2.97,-8.33
41.8,166.322,-2.97,-8.33
41.976,164.994,-0.248,-5.714
41.98,164.861,-0.248,-5.714
42,164.861,-0.248,-5.714
42.181,165.283,-0.248,-5.714
42.189,166.738,-1.714,-8.01
42.2,166.738,-1.714,-8.01
42.381,167.469,-1.714,-8.01
42.4,165.384,-5.518,-6.31
42.401,165.384,-5.518,-6.31
42.582,166.348,-5.518,-6.31
42.6,166.348,-5.518,-6.31
42.611,162.557,-12.617,-3.901
42.781,163.226,-12.617,-3.901
42.8,163.226,-12.617,-3.901
42.822,161.534,-17.676,-4.044
42.981,161.659,-17.676,-4.044
43,161.659,-17.676,-4.044
43.034,167.599,-18.709,-11.079
43.181,167.257,-18.709,-11.079
43.201,167.257,-18.709,-11.079
43.246,168.613,-20.304,-13.058
43.381,168.135,-20.304,-13.058
43.401,168.135,-20.304,-13.058
43.458,162.721,-27.339,-9.679
43.581,162.921,-27.339,-9.679
43.6,162.921,-27.339,-9.679
43.669,167.459,-18.002,-11.953
43.781,166.417,-18.002,-11.953
43.8,166.417,-18.002,-11.953
43.883,169.928,-13.947,-16.513
43.982,168.177,-13.947,-16.513
44,168.177,-13.947,-16.513
44.092,168.105,-11.067,-15.53
44.181,166.86,-11.067,-15.53
44.2,166.86,-11.067,-15.53
44.305,161.548,-16,-7.472
44.381,161.06,-16,-7.472
44.4,161.06,-16,-7.472
44.516,160.063,-19.267,-7.398
44.58,159.949,-19.267,-7.398
44.601,159.949,-19.267,-7.398
44.728,164.716,-15.44,-14.438
44.781,164.683,-15.44,-14.438
44.8,164.683,-15.44,-14.438
44.94,164.932,-9.344,-12.532
44.981,164.815,-9.344,-12.532
45,164.815,-9.344,-12.532
45.152,165.278,-4.752,-11.862
45.181,165.051,-4.752,-11.862
45.2,165.051,-4.752,-11.862
45.363,165.555,-3.458,-12.337
45.381,165.755,-3.458,-12.337
45.4,165.755,-3.458,-12.337
45.576,164.131,-6.397,-10.641
45.58,164.719,-6.397,-10.641
45.6,164.719,-6.397,-10.641
45.781,164.87,-6.397,-10.641
45.786,164.123,-11.857,-11.428
45.8,164.123,-11.857,-11.428
45.981,163.688,-11.857,-11.428
45.998,163.484,-11.92,-11.173
46,163.484,-11.92,-11.173
46.181,163.186,-11.92,-11.173
46.2,163.186,-11.92,-11.173
46.21,162.589,-11.047,-10.024
46.381,162.689,-11.047,-10.024
46.401,162.689,-11.047,-10.024
46.421,163.288,-9.541,-10.245
46.581,163.536,-9.541,-10.245
46.6,163.536,-9.541,-10.245
46.634,162.012,-9.251,-8.045
46.781,162.502,-9.251,-8.045
46.8,162.502,-9.251,-8.045
46.845,161.016,-7.173,-5.023
46.982,161.465,-7.173,-5.023
47.001,161.465,-7.173,-5.023
47.057,165.31,0.425,-8.417
47.181,165.514,0.425,-8.417
47.2,165.514,0.425,-8.417
47.269,166.485,-2.029,-10.457
47.381,166.464,-2.029,-10.457
47.4,166.464,-2.029,-10.457
47.48,165.75,-3.089,-9.775
47.581,166.236,-3.089,-9.775
47.601,166.236,-3.089,-9.775
47.692,163.622,-5.334,-7.043
47.78,164.673,-5.334,-7.043
47.8,164.673,-5.334,-7.043
47.904,162.367,-17.602,-8.878
47.982,163.867,-17.602,-8.878
48,163.867,-17.602,-8.878
48.115,164.154,-18.946,-9.744
48.181,165.243,-18.946,-9.744
48.2,165.243,-18.946,-9.744
48.327,172.859,-14.73,-17.354
48.381,172.279,-14.73,-17.354
48.4,172.279,-14.73,-17.354
48.539,179.536,-10.731,-25.725
48.581,177.781,-10.731,-25.725
48.6,177.781,-10.731,-25.725
48.752,172.946,-7.869,-19.183
48.781,171.854,-7.869,-19.183
48.8,171.854,-7.869,-19.183
48.963,170.314,-11.582,-17.755
48.98,169.66,-11.582,-17.755
49,169.66,-11.582,-17.755
49.175,169.995,-15.398,-19.191
49.182,168.582,-15.398,-19.191
49.2,168.582,-15.398,-19.191
49.382,166.573,-15.398,-19.191
49.386,167.63,-18,-21.724
49.4,167.63,-18,-21.724
49.582,165.796,-18,-21.724
49.597,165.624,-15.91,-20.67
49.6,165.624,-15.91,-20.67
49.782,164.474,-15.91,-20.67
49.801,164.474,-15.91,-20.67
49.808,161.971,-16.957,-17.25
49.982,162.491,-16.957,-17.25
50.001,162.491,-16.957,-17.25
50.021,158.164,-21.821,-12.667
50.181,159.984,-21.821,-12.667
50.202,159.984,-21.821,-12.667
50.232,161.157,-25.364,-17.161
50.381,161.898,-25.364,-17.161
50.401,161.898,-25.364,-17.161
50.444,165.976,-24.107,-23.629
50.581,165.898,-24.107,-23.629
50.6,165.898,-24.107,-23.629
50.656,163.312,-30.232,-22.488
50.781,163.778,-30.232,-22.488
50.8,163.778,-30.232,-22.488
50.868,163.243,-29.12,-20.693
50.981,164.358,-29.12,-20.693
51,164.358,-29.12,-20.693
51.08,161.72,-41.169,-25.089
51.18,156.916,-41.169,-25.089
51.264,156.916,-41.169,-25.089
51.291,162.796,-32.037,-31.981
51.384,162.206,-32.037,-31.981
51.463,162.206,-32.037,-31.981
51.503,162.589,-27.664,-28.803
51.584,161.19,-27.664,-28.803
51.664,161.19,-27.664,-28.803
51.714,161.343,-21.132,-22.102
51.785,160.133,-21.132,-22.102
51.863,160.133,-21.132,-22.102
51.928,158.252,-26.002,-17.369
51.977,157.044,-26.002,-17.369
52.063,157.044,-26.002,-17.369
52.138,159.604,-13.019,-16.993
52.178,158.671,-13.019,-16.993
52.263,158.671,-13.019,-16.993
52.35,159.37,-4.043,-14.563
52.38,158.218,-4.043,-14.563
52.463,158.218,-4.043,-14.563
52.561,157.543,-6.434,-12.845
52.583,155.812,-6.434,-12.845
52.663,155.812,-6.434,-12.845
52.773,155.383,-5.575,-10.787
52.783,154.226,-5.575,-10.787
52.864,154.226,-5.575,-10.787
52.985,147.345,-21.233,-2.554
52.985,147.249,-21.233,-2.554
53.063,147.249,-21.233,-2.554
53.178,148.177,-21.233,-2.554
53.197,138.116,-38.915,-3.941
53.263,138.116,-38.915,-3.941
53.378,138.951,-38.915,-3.941
53.408,155.339,-13.86,-15.205
53.463,155.339,-13.86,-15.205
53.58,154.631,-13.86,-15.205
53.62,156.105,-13.977,-18.542
53.663,156.105,-13.977,-18.542
53.782,155.543,-13.977,-18.542
53.832,157.664,-9.345,-19.873
53.863,157.664,-9.345,-19.873
53.983,157.378,-9.345,-19.873
54.044,154.333,-9.579,-13.302
54.063,154.333,-9.579,-13.302
54.185,154.561,-9.579,-13.302
54.255,154.256,-9.397,-12.384
54.263,154.256,-9.397,-12.384
54.387,153.637,-9.397,-12.384
54.464,153.637,-9.397,-12.384
54.467,153.525,-11.626,-13.755
54.578,152.05,-11.626,-13.755
54.663,152.05,-11.626,-13.755
54.679,148.322,-17.028,-9.331
54.781,146.242,-17.028,-9.331
54.864,146.242,-17.028,-9.331
54.89,156.426,-6.791,-21.802
54.981,155.193,-6.791,-21.802
55.063,155.193,-6.791,-21.802
55.102,163.825,-8.705,-35.209
55.182,164.968,-8.705,-35.209
55.263,164.968,-8.705,-35.209
55.314,157.44,-4.23,-23.277
55.384,157.78,-4.23,-23.277
55.463,157.78,-4.23,-23.277
55.525,153.325,-4.94,-16.345
55.586,155.214,-4.94,-16.345
55.664,155.214,-4.94,-16.345
55.737,143.176,-16.838,-1.277
55.777,145.547,-16.838,-1.277
55.864,145.547,-16.838,-1.277
55.948,141.262,-22.502,3.814
55.98,143.238,-22.502,3.814
56.064,143.238,-22.502,3.814
56.161,149.63,-12.783,-3.167
56.18,150.972,-12.783,-3.167
56.263,150.972,-12.783,-3.167
56.372,157.002,-10.281,-14.119
56.383,157.417,-10.281,-14.119
56.464,157.417,-10.281,-14.119
56.585,154.626,-8.915,-7.98
56.585,155.484,-8.915,-7.98
56.664,155.484,-8.915,-7.98
56.786,157.5,-8.915,-7.98
56.795,154.84,-6.963,-1.865
56.864,154.84,-6.963,-1.865
56.977,155.946,-6.963,-1.865
57.007,155.476,-7.986,-1.531
57.063,155.476,-7.986,-1.531
57.18,155.096,-7.986,-1.531
57.219,155.946,-3.141,-0.526
57.263,155.946,-3.141,-0.526
57.38,154.509,-3.141,-0.526
57.431,155.549,-2.243,-1.899
57.463,155.549,-2.243,-1.899
57.582,153.749,-2.243,-1.899
57.643,155.703,-3.1,-5.316
57.663,155.703,-3.1,-5.316
57.784,154.55,-3.1,-5.316
57.855,154.621,-4.868,-6.337
57.863,154.621,-4.868,-6.337
57.985,154.506,-4.868,-6.337
58.064,154.506,-4.868,-6.337
58.066,156.447,-10.745,-11.903
58.179,156.818,-10.745,-11.903
58.264,156.818,-10.745,-11.903
58.279,144.672,-16.798,0.518
58.38,145.741,-16.798,0.518
58.463,145.741,-16.798,0.518
58.49,154.199,-10.628,-8.436
58.58,153.645,-10.628,-8.436
58.663,153.645,-10.628,-8.436
58.702,162.098,-3.619,-17.224
58.782,160.068,-3.619,-17.224
58.864,160.068,-3.619,-17.224
58.913,161.15,-3.849,-18.757
58.984,158.773,-3.849,-18.757
59.064,158.773,-3.849,-18.757
59.124,151.515,-4.044,-7.676
59.185,150.938,-4.044,-7.676
59.264,150.938,-4.044,-7.676
59.337,146.726,-12.079,-5.558
59.378,146.564,-12.079,-5.558
59.464,146.564,-12.079,-5.558
59.548,149.239,-13.348,-12.214
59.579,148.146,-13.348,-12.214
59.663,148.146,-13.348,-12.214
59.76,146.882,-13.4,-9.701
59.779,145.234,-13.4,-9.701
59.864,145.234,-13.4,-9.701
59.972,145.951,-8.061,-6.033
59.981,144.063,-8.061,-6.033
60.064,144.063,-8.061,-6.033
60.183,144.602,-9.403,-8.425
60.184,143.429,-9.403,-8.425
60.264,143.429,-9.403,-8.425
60.385,144.194,-9.403,-8.425
60.394,142.25,-10.446,-5.404
60.464,142.25,-10.446,-5.404
60.578,143.166,-10.446,-5.404
60.606,140.972,-11.989,-1.909
60.663,140.972,-11.989,-1.909
60.778,140.728,-11.989,-1.909
60.819,142.243,-10.522,-3.834
60.863,142.243,-10.522,-3.834
60.98,141.909,-10.522,-3.834
61.03,141.35,-11.631,-3.843
61.063,141.35,-11.631,-3.843
61.181,141.358,-11.631,-3.843
61.244,141.703,-12.444,-5.548
61.263,141.703,-12.444,-5.548
61.383,141.636,-12.444,-5.548
61.455,141.364,-11.923,-4.355
61.466,141.364,-11.923,-4.355
61.585,141.56,-11.923,-4.355
61.663,141.56,-11.923,-4.355
61.666,142.433,-10.714,-4.853
61.786,143.616,-10.714,-4.853
61.865,143.616,-10.714,-4.853
61.877,142.963,-11.532,-4.376
61.978,143.463,-11.532,-4.376
62.065,143.463,-11.532,-4.376
62.088,144.574,-9.309,-4.404
62.179,144.881,-9.309,-4.404
62.264,144.881,-9.309,-4.404
62.3,145.221,-9.915,-5.644
62.38,145.447,-9.915,-5.644
62.464,145.447,-9.915,-5.644
62.511,144.917,-10.286,-4.966
62.582,145.239,-10.286,-4.966
62.665,145.239,-10.286,-4.966
62.724,144.803,-10.911,-4.715
62.784,145.305,-10.911,-4.715
62.865,145.305,-10.911,-4.715
62.936,144.897,-11.309,-4.308
62.987,145.371,-11.309,-4.308
63.064,145.371,-11.309,-4.308
63.147,148.304,-5.797,-5.153
63.177,148.529,-5.797,-5.153
63.264,148.529,-5.797,-5.153
63.359,149.525,-4.197,-5.816
63.379,149.639,-4.197,-5.816
63.465,149.639,-4.197,-5.816
63.571,149.827,-4.072,-6.054
63.58,149.874,-4.072,-6.054
63.664,149.874,-4.072,-6.054
63.782,149.337,-5.99,-6.462
63.782,149.31,-5.99,-6.462
63.864,149.31,-5.99,-6.462
63.983,149.578,-5.99,-6.462
63.993,146.908,-10.534,-5.559
64.064,146.908,-10.534,-5.559
64.185,147.096,-10.534,-5.559
64.206,149.329,-12.365,-10.594
64.264,149.329,-12.365,-10.594
64.377,149.063,-12.365,-10.594
64.419,150.222,-13.304,-13.035
64.463,150.222,-13.304,-13.035
64.578,150.648,-13.304,-13.035
64.63,142.264,-23.023,-9.587
64.664,142.264,-23.023,-9.587
64.781,144.305,-23.023,-9.587
64.842,135.19,-32.784,-7.929
64.863,135.19,-32.784,-7.929
64.982,137.708,-32.784,-7.929
65.054,155.194,-17.724,-21.959
65.064,155.194,-17.724,-21.959
65.186,153.946,-17.724,-21.959
65.265,155.892,-17.489,-25.028
65.265,155.892,-17.489,-25.028
65.385,154.68,-17.489,-25.028
65.463,154.68,-17.489,-25.028
65.476,142.793,-28.604,-10.749
65.577,143.6,-28.604,-10.749
65.663,143.6,-28.604,-10.749
65.688,143.357,-28.378,-8.96
65.778,144.176,-28.378,-8.96
65.863,144.176,-28.378,-8.96
65.9,150.547,-18.429,-16.885
65.98,150.753,-18.429,-16.885
66.064,150.753,-18.429,-16.885
66.111,149.737,-20.527,-16.101
66.182,149.462,-20.527,-16.101
66.263,149.462,-20.527,-16.101
66.323,142.925,-32.319,-12.866
66.385,142.502,-32.319,-12.866
66.463,142.502,-32.319,-12.866
66.534,147.259,-27.273,-21.161
66.585,146.763,-27.273,-21.161
66.663,146.763,-27.273,-21.161
66.746,148.058,-23.772,-19.484
66.777,148.893,-23.772,-19.484
66.864,148.893,-23.772,-19.484
66.958,147.225,-27.084,-19.022
66.978,147.815,-27.084,-19.022
67.063,147.815,-27.084,-19.022
67.17,149.646,-25.407,-22.953
67.179,148.92,-25.407,-22.953
67.263,148.92,-25.407,-22.953
67.382,147.214,-29.996,-25.475
67.383,145.945,-29.996,-25.475
67.464,145.945,-29.996,-25.475
67.585,145.109,-29.996,-25.475
67.593,147.24,-24.247,-21.833
67.664,147.24,-24.247,-21.833
67.784,146.918,-24.247,-21.833
67.807,147.963,-15.321,-10.622
67.863,147.963,-15.321,-10.622
67.978,146.955,-15.321,-10.622
68.019,147.301,-17.747,-16.14
68.063,147.301,-17.747,-16.14
68.179,146.634,-17.747,-16.14
68.228,144.486,-20.319,-10.774
68.263,144.486,-20.319,-10.774
68.38,143.209,-20.319,-10.774
68.44,146.023,-12.422,-10.345
68.463,146.023,-12.422,-10.345
68.581,144.904,-12.422,-10.345
68.651,145.87,-7.562,-8.304
68.663,145.87,-7.562,-8.304
68.783,145.104,-7.562,-8.304
68.863,145.908,-5.206,-8.485
68.863,145.908,-5.206,-8.485
68.984,146.035,-5.206,-8.485
69.064,146.035,-5.206,-8.485
69.074,142.868,-10.13,-4.754
69.187,143.34,-10.13,-4.754
69.264,143.34,-10.13,-4.754
69.287,142.857,-5.406,1.578
69.378,142.837,-5.406,1.578
69.464,142.837,-5.406,1.578
69.498,146.205,3.395,-0.345
69.579,146.224,3.395,-0.345
69.664,146.224,3.395,-0.345
69.711,149.441,2.549,-7.01
69.781,149.604,2.549,-7.01
69.863,149.604,2.549,-7.01
69.922,149.318,3.455,-6.066
69.982,150.096,3.455,-6.066
70.063,150.096,3.455,-6.066
70.135,149.528,4.362,-4.761
70.184,150.215,4.362,-4.761
70.264,150.215,4.362,-4.761
70.346,149.711,-4.068,-8.949
70.386,150.586,-4.068,-8.949
70.464,150.586,-4.068,-8.949
70.558,149.891,-9.459,-11.659
70.577,150.993,-9.459,-11.659
70.663,150.993,-9.459,-11.659
70.768,145.431,-3.783,0.204
70.778,146.762,-3.783,0.204
70.864,146.762,-3.783,0.204
70.981,151.985,-1.645,-6.429
70.981,152.613,-1.645,-6.429
71.063,152.613,-1.645,-6.429
71.182,152.019,-1.645,-6.429
71.192,157.226,-8.698,-16.864
71.265,157.226,-8.698,-16.864
71.384,156.478,-8.698,-16.864
71.404,155.444,-8.72,-15.583
71.463,155.444,-8.72,-15.583
71.587,155.527,-8.72,-15.583
71.615,148.352,-11.481,-5.902
71.663,148.352,-11.481,-5.902
71.777,148.383,-11.481,-5.902
71.827,150.84,-12.882,-11.645
71.863,150.84,-12.882,-11.645
71.979,150.358,-12.882,-11.645
72.039,149.625,-14.3,-11.548
72.063,149.625,-14.3,-11.548
72.181,148.958,-14.3,-11.548
72.251,145.394,-13.468,-3.395
72.263,145.394,-13.468,-3.395
72.382,143.804,-13.468,-3.395
72.463,145.598,-12.411,-6.297
72.463,145.598,-12.411,-6.297
72.583,144.875,-12.411,-6.297
72.664,144.875,-12.411,-6.297
72.674,142.594,-13.284,-1.753
72.785,143.882,-13.284,-1.753
72.864,143.882,-13.284,-1.753
72.886,144.922,-10.491,-1.366
72.977,145.883,-10.491,-1.366
73.063,145.883,-10.491,-1.366
73.098,147.292,-9.638,-3.916
73.18,147.318,-9.638,-3.916
73.263,147.318,-9.638,-3.916
73.31,146.984,-10.055,-3.572
73.381,147.22,-10.055,-3.572
73.463,147.22,-10.055,-3.572
73.522,146.052,-12.102,-3.024
73.582,146.533,-12.102,-3.024
73.663,146.533,-12.102,-3.024
73.734,146.196,-12.74,-2.943
73.782,146.9,-12.74,-2.943
73.864,146.9,-12.74,-2.943
73.945,147.826,-11.68,-3.843
73.985,148.553,-11.68,-3.843
74.063,148.553,-11.68,-3.843